53859,53277,32658,90199,98103,51282,32877,82077,61337,58239,29474,55692,21081,55469,20295,91907,27972,32331,88992,78918,65829,69560,15012,94727,83122,67098,96351,11245,43800,43931,79719,13656,18795,87906,82848,89833,18767,14341,63457,81901,93670,79404,38929,39942,86266,66807,59119,93639,90609,67066,71295,90154,42400
No,No,No,Yes,No,No,No,Yes,No,No,No,No,No,No,No,Yes,No,No,No,No,Yes,No,No,No,No,No,No,No,No,No,No,No,No,No,No,No,No,No,No,No,No,No,No,No,No,No,No,No,No,No,No,No,Yes
No,No,No,No,Yes,No,No,No,No,No,No,No,Yes,Yes,No,Yes,No,No,No,No,Yes,Yes,No,No,Yes,No,No,No,Yes,Yes,No,No,No,No,No,Yes,No,No,No,Yes,Yes,No,No,No,No,No,No,No,No,Yes,Yes,No,No
No,Yes,No,Yes,No,Yes,Yes,No,No,Yes,Yes,No,No,No,Yes,Yes,Yes,Yes,No,No,No,No,No,Yes,No,No,Yes,No,No,No,No,Yes,No,No,No,Yes,No,No,No,No,No,Yes,Yes,No,No,No,No,No,No,No,Yes,No,No
No,Yes,No,No,No,Yes,No,No,No,No,No,No,No,Yes,Yes,Yes,No,Yes,Yes,No,No,No,No,No,No,Yes,No,No,No,No,No,Yes,No,Yes,No,Yes,Yes,No,No,No,No,Yes,No,No,No,Yes,Yes,No,No,No,Yes,Yes,No
No,No,No,Yes,No,No,Yes,Yes,No,Yes,No,No,Yes,No,No,No,No,No,No,No,No,Yes,No,Yes,No,Yes,No,No,Yes,No,No,Yes,Yes,No,No,No,No,No,No,Yes,No,No,No,No,No,No,No,No,No,No,No,No,No
No,Yes,No,No,No,No,Yes,Yes,No,Yes,Yes,Yes,No,No,No,Yes,No,No,Yes,No,No,No,No,No,No,No,Yes,No,No,No,Yes,No,Yes,Yes,No,No,No,Yes,No,No,Yes,No,No,No,No,No,Yes,No,No,No,Yes,No,No
Yes,No,Yes,No,No,No,Yes,No,No,No,No,No,No,No,No,Yes,No,No,Yes,Yes,No,No,No,No,Yes,Yes,Yes,No,No,No,No,No,No,No,Yes,No,Yes,No,No,No,Yes,No,Yes,No,Yes,No,No,No,No,No,No,No,No
Yes,No,Yes,No,No,Yes,No,No,Yes,Yes,No,No,No,No,No,No,No,Yes,No,Yes,Yes,No,Yes,No,No,No,No,Yes,Yes,No,No,No,No,No,No,No,No,No,No,No,No,No,No,No,No,No,No,No,No,No,No,No,Yes
No,No,No,No,No,No,Yes,Yes,No,No,No,No,No,No,No,Yes,No,No,No,Yes,No,No,Yes,No,No,No,No,No,No,Yes,Yes,No,No,No,Yes,No,No,Yes,Yes,No,No,No,No,No,No,Yes,Yes,No,No,No,Yes,No,No
Yes,No,No,No,No,No,No,No,No,Yes,Yes,Yes,No,No,No,Yes,Yes,No,No,No,No,No,Yes,No,Yes,Yes,No,No,No,No,No,No,No,Yes,Yes,No,No,No,No,No,No,No,No,Yes,No,Yes,Yes,No,No,No,No,No,No
Yes,No,No,No,No,Yes,Yes,No,Yes,No,No,Yes,No,No,No,No,Yes,Yes,No,No,No,Yes,Yes,Yes,No,No,No,Yes,No,No,No,No,No,No,Yes,No,No,No,No,No,No,No,No,Yes,No,Yes,No,No,No,No,No,Yes,Yes
No,No,No,Yes,No,No,No,No,No,No,Yes,Yes,Yes,No,No,No,Yes,Yes,No,No,No,No,Yes,No,Yes,No,No,No,No,No,No,Yes,No,Yes,No,Yes,No,No,Yes,Yes,Yes,No,No,No,Yes,No,Yes,No,No,Yes,No,No,No
Yes,No,No,No,Yes,No,No,No,No,No,No,No,No,No,No,No,No,No,No,No,No,Yes,No,No,Yes,Yes,No,Yes,No,No,No,Yes,No,No,No,No,No,Yes,No,No,No,No,No,No,No,No,No,No,Yes,No,No,Yes,Yes
No,Yes,No,Yes,No,No,No,No,No,Yes,No,No,No,No,No,No,No,No,No,No,No,No,No,No,Yes,No,No,No,No,No,No,Yes,No,No,No,Yes,No,No,No,No,No,No,No,No,No,No,No,No,No,No,No,Yes,No
No,No,No,Yes,Yes,No,No,No,Yes,No,Yes,No,No,No,Yes,No,Yes,Yes,No,Yes,Yes,Yes,No,Yes,No,Yes,No,Yes,No,No,No,No,No,Yes,No,No,No,Yes,No,No,No,Yes,No,No,No,No,No,No,No,Yes,No,Yes,Yes
No,Yes,No,Yes,No,No,No,No,No,No,No,No,No,No,No,No,Yes,Yes,Yes,Yes,No,No,No,No,Yes,No,Yes,No,No,No,No,No,No,No,No,Yes,No,No,No,No,No,No,No,No,No,No,No,No,No,No,No,No,No
No,No,No,No,Yes,No,No,No,No,No,No,Yes,No,Yes,No,Yes,Yes,Yes,No,No,No,No,Yes,No,No,Yes,No,No,No,No,No,No,No,No,Yes,No,No,No,Yes,No,No,No,No,Yes,No,Yes,Yes,No,No,No,Yes,No,No
No,No,No,Yes,Yes,No,Yes,Yes,No,No,Yes,No,No,No,No,No,No,No,No,Yes,Yes,Yes,No,No,No,No,No,Yes,No,No,No,Yes,No,Yes,No,No,No,No,Yes,No,No,No,No,No,No,No,No,No,No,No,No,Yes,Yes
No,No,No,Yes,Yes,No,Yes,No,No,No,No,No,No,No,No,Yes,Yes,No,No,No,No,Yes,No,No,No,No,Yes,No,No,No,No,No,Yes,No,Yes,Yes,No,No,No,No,Yes,No,No,Yes,No,Yes,Yes,No,Yes,Yes,Yes,No,No
Yes,No,No,No,No,No,No,No,No,No,No,No,No,No,No,No,Yes,No,No,No,No,No,No,Yes,No,Yes,No,No,Yes,Yes,No,No,No,No,Yes,No,No,No,No,No,Yes,No,Yes,No,No,Yes,No,No,No,No,No,No,No
No,No,No,No,No,Yes,No,No,No,Yes,No,No,No,No,No,No,No,Yes,No,No,No,No,Yes,No,No,No,No,No,Yes,No,Yes,Yes,No,No,No,Yes,No,No,No,No,No,Yes,No,No,Yes,No,No,No,No,No,No,No,No
No,No,No,Yes,No,No,No,Yes,Yes,No,No,Yes,No,No,Yes,Yes,No,No,No,Yes,No,No,No,No,Yes,No,No,Yes,No,No,No,No,No,No,No,No,No,Yes,No,No,Yes,Yes,No,No,No,No,No,No,Yes,No,No,Yes,Yes
No,No,No,No,Yes,Yes,No,Yes,Yes,No,No,No,No,No,Yes,No,No,No,Yes,Yes,No,No,Yes,No,No,No,No,No,No,Yes,No,Yes,No,No,No,No,No,Yes,Yes,No,No,Yes,No,No,No,No,No,No,No,No,No,No,Yes
Yes,Yes,Yes,No,No,No,No,No,No,Yes,No,Yes,No,No,Yes,Yes,No,No,No,No,No,No,No,No,No,No,No,No,No,No,No,No,No,No,No,Yes,No,Yes,No,No,No,Yes,No,No,No,No,Yes,No,No,Yes,No,Yes,No
No,No,No,No,No,No,No,Yes,Yes,No,Yes,No,No,No,Yes,No,No,No,No,No,No,Yes,No,No,Yes,No,No,No,Yes,No,No,Yes,Yes,No,No,No,No,Yes,No,Yes,No,No,No,Yes,No,No,No,Yes,No,No,No,No,No
No,No,No,No,Yes,No,No,No,Yes,No,No,No,No,No,No,No,No,No,No,No,Yes,Yes,Yes,No,No,No,No,Yes,Yes,No,No,No,No,No,No,No,No,No,Yes,No,No,No,No,No,No,No,No,No,No,Yes,No,No,No
No,Yes,No,Yes,No,No,No,No,No,No,No,Yes,No,Yes,Yes,No,No,No,Yes,Yes,No,No,No,No,Yes,No,No,No,Yes,No,No,Yes,No,No,No,No,No,No,No,No,Yes,Yes,No,No,No,No,Yes,Yes,No,Yes,No,Yes,No
No,No,No,Yes,No,No,No,Yes,No,No,No,No,Yes,Yes,No,Yes,No,No,Yes,Yes,No,Yes,No,No,Yes,No,No,No,No,Yes,Yes,Yes,Yes,No,No,Yes,No,Yes,No,Yes,No,No,No,No,No,No,No,No,No,No,No,No,No
No,No,Yes,No,No,Yes,Yes,No,No,No,No,Yes,No,No,No,No,Yes,No,No,No,No,No,No,No,No,No,No,No,No,No,No,No,No,No,No,Yes,Yes,No,No,No,No,No,Yes,Yes,No,Yes,No,Yes,No,No,No,No,No
No,Yes,Yes,No,No,No,No,Yes,No,Yes,No,No,No,No,Yes,No,Yes,Yes,No,Yes,No,No,No,No,No,No,No,No,No,No,No,Yes,No,No,No,No,No,No,No,No,No,No,No,No,No,No,No,No,No,No,No,Yes,No
No,Yes,Yes,No,No,No,Yes,No,Yes,Yes,Yes,Yes,No,No,No,No,No,Yes,No,No,No,No,No,Yes,No,Yes,No,No,No,Yes,No,No,No,No,No,Yes,No,No,No,No,No,Yes,No,No,Yes,No,Yes,Yes,No,No,Yes,Yes,No
No,Yes,No,No,No,No,No,No,No,No,Yes,No,No,No,No,No,Yes,Yes,No,No,No,No,No,No,No,No,No,No,No,No,Yes,No,No,No,Yes,Yes,Yes,No,No,No,No,Yes,No,No,Yes,Yes,Yes,Yes,No,No,Yes,Yes,No
Yes,No,No,No,No,Yes,No,No,No,No,Yes,No,No,No,No,No,No,No,No,Yes,Yes,No,Yes,Yes,Yes,No,No,Yes,Yes,Yes,No,No,No,No,No,No,No,No,Yes,No,Yes,No,No,No,No,No,No,Yes,No,No,No,No,Yes
No,No,No,No,No,No,Yes,No,Yes,No,No,No,No,No,No,No,No,Yes,Yes,Yes,Yes,Yes,No,Yes,No,Yes,No,Yes,Yes,No,No,No,No,No,No,No,No,No,No,No,No,Yes,No,No,Yes,No,Yes,No,No,No,No,No,Yes
No,Yes,No,No,No,Yes,No,No,No,Yes,No,Yes,No,No,Yes,Yes,No,No,Yes,No,No,No,No,No,No,No,No,No,No,No,No,No,No,No,No,No,No,Yes,Yes,No,No,Yes,No,No,No,No,No,No,No,No,No,Yes,No
Yes,No,No,No,No,No,No,No,Yes,No,No,No,No,No,No,No,No,No,No,No,No,No,No,Yes,No,No,No,No,No,No,No,No,No,No,Yes,No,Yes,No,No,No,Yes,No,No,No,No,No,Yes,Yes,Yes,Yes,No,No,No
No,No,No,No,Yes,No,No,No,Yes,Yes,Yes,Yes,No,No,No,No,No,No,Yes,Yes,Yes,No,Yes,No,No,No,No,No,No,Yes,No,Yes,No,No,No,No,No,No,No,No,Yes,No,Yes,Yes,No,Yes,No,No,No,Yes,Yes,No,No
No,No,No,No,Yes,No,No,No,No,No,No,No,No,Yes,No,Yes,No,No,No,Yes,No,No,No,Yes,No,No,Yes,No,No,No,Yes,No,No,No,Yes,Yes,Yes,Yes,Yes,No,Yes,No,Yes,No,Yes,Yes,No,Yes,Yes,No,No,No,No
No,No,No,Yes,No,No,Yes,No,No,Yes,No,No,No,No,No,No,No,No,No,No,No,Yes,No,No,No,No,No,No,Yes,No,No,No,Yes,No,Yes,No,Yes,No,Yes,No,No,No,Yes,Yes,No,No,No,Yes,Yes,No,Yes,No,No
Yes,Yes,No,Yes,Yes,Yes,No,No,No,Yes,No,No,No,No,No,No,No,No,Yes,No,No,Yes,Yes,No,No,No,No,No,No,Yes,No,No,No,No,No,No,No,No,No,No,Yes,Yes,No,No,Yes,No,No,No,No,No,No,Yes,No
No,Yes,No,No,No,No,No,Yes,No,No,No,No,No,Yes,No,No,Yes,No,No,No,No,No,No,Yes,No,No,No,No,No,No,Yes,No,Yes,No,No,Yes,Yes,No,No,No,No,No,No,No,No,No,Yes,No,No,No,Yes,No,No
No,Yes,Yes,Yes,No,No,No,No,No,No,No,No,Yes,No,No,Yes,No,No,No,Yes,Yes,No,No,No,No,No,Yes,No,Yes,No,No,No,No,No,No,No,Yes,Yes,Yes,No,No,No,No,No,No,No,No,No,No,No,No,No,No
No,No,Yes,No,No,No,No,Yes,No,Yes,Yes,No,Yes,Yes,No,No,No,No,No,No,Yes,No,Yes,No,No,Yes,No,No,No,Yes,No,Yes,No,No,No,No,No,No,No,Yes,No,No,Yes,No,No,No,Yes,No,Yes,Yes,Yes,No,No
No,No,No,No,Yes,No,No,Yes,No,No,No,No,No,No,No,Yes,Yes,Yes,No,No,No,No,Yes,No,No,No,No,No,No,No,No,No,No,No,Yes,No,Yes,No,No,Yes,Yes,No,Yes,No,No,No,No,No,No,No,No,No,No
Yes,No,No,No,No,No,Yes,No,No,No,No,No,No,No,No,No,Yes,No,No,No,No,No,No,No,No,No,No,No,Yes,Yes,No,No,No,No,Yes,No,Yes,No,No,No,Yes,No,No,No,No,No,No,No,No,No,No,No,No
No,No,No,No,Yes,Yes,No,No,Yes,Yes,No,No,Yes,No,No,No,No,No,No,No,Yes,No,No,Yes,No,Yes,No,Yes,No,Yes,No,No,No,Yes,No,No,No,No,No,No,No,No,No,No,Yes,Yes,Yes,Yes,No,Yes,No,No,Yes
No,No,No,No,No,Yes,No,No,Yes,No,No,No,Yes,Yes,No,Yes,No,No,Yes,No,No,Yes,Yes,No,Yes,Yes,Yes,No,No,Yes,No,Yes,No,No,No,No,Yes,No,No,Yes,No,No,No,No,Yes,No,Yes,Yes,Yes,No,No,Yes,No
No,No,No,No,No,No,No,No,No,No,No,No,Yes,No,No,No,Yes,No,No,Yes,No,No,No,No,No,No,Yes,No,No,No,No,No,No,No,No,No,No,No,No,Yes,No,No,No,No,No,No,No,Yes,No,No,No,Yes,No
No,No,No,Yes,No,Yes,No,Yes,No,No,No,No,No,No,Yes,No,No,No,No,Yes,Yes,No,No,No,No,Yes,No,No,No,No,No,No,No,Yes,Yes,Yes,Yes,No,No,No,No,No,Yes,Yes,Yes,No,Yes,No,Yes,No,Yes,No,No
Yes,No,No,No,Yes,No,No,No,Yes,No,No,Yes,No,No,No,No,Yes,Yes,Yes,No,No,No,No,No,Yes,No,No,Yes,No,No,No,No,No,Yes,No,No,No,No,No,No,No,No,No,No,No,No,No,No,No,Yes,No,No,No
Yes,No,Yes,No,No,No,Yes,No,No,No,No,No,No,No,No,Yes,No,No,Yes,No,No,No,No,Yes,No,No,No,No,No,No,Yes,No,No,No,Yes,No,Yes,No,No,No,No,No,No,Yes,Yes,Yes,No,Yes,Yes,No,No,No,No
Yes,No,Yes,Yes,No,Yes,No,No,No,Yes,No,No,No,No,No,Yes,No,No,Yes,No,No,No,No,No,No,No,Yes,No,No,Yes,No,No,No,No,Yes,Yes,Yes,No,No,Yes,No,No,Yes,No,Yes,No,No,No,No,No,No,No,No
No,No,No,No,No,No,No,No,No,No,No,No,Yes,Yes,No,Yes,No,No,No,No,No,No,Yes,No,No,Yes,No,No,No,Yes,No,No,Yes,No,No,Yes,No,No,No,No,No,No,No,No,No,No,Yes,No,No,No,No,No,No
No,Yes,Yes,No,No,No,No,No,No,No,Yes,No,No,No,No,Yes,No,No,No,Yes,No,No,Yes,No,No,No,No,No,No,No,No,Yes,No,No,No,No,Yes,No,No,No,No,No,No,No,No,No,No,No,No,No,Yes,No,No
No,No,No,Yes,No,No,No,No,No,Yes,No,No,Yes,Yes,No,Yes,No,Yes,No,Yes,No,No,Yes,No,No,No,No,No,Yes,No,No,Yes,No,No,No,No,No,Yes,Yes,Yes,No,No,No,No,No,No,No,Yes,No,No,No,Yes,No
No,No,No,No,Yes,No,No,No,No,Yes,No,Yes,No,No,No,No,Yes,No,No,No,No,No,No,No,No,Yes,No,No,Yes,No,No,No,No,No,Yes,No,No,No,No,No,No,No,No,Yes,Yes,Yes,No,No,No,No,No,No,No
Yes,No,No,No,No,No,No,No,No,No,Yes,No,Yes,Yes,No,Yes,Yes,No,No,No,Yes,No,No,No,No,No,No,No,No,No,Yes,No,Yes,No,No,Yes,Yes,No,No,Yes,No,No,No,No,Yes,No,No,Yes,Yes,No,No,No,No
No,No,No,Yes,No,No,No,No,No,No,No,No,No,No,No,No,No,Yes,No,Yes,No,No,No,No,No,No,No,No,No,No,No,No,Yes,No,Yes,Yes,Yes,No,No,No,Yes,No,Yes,Yes,No,No,No,No,No,No,No,No,No
No,No,No,No,No,No,No,No,No,No,No,No,No,No,No,No,No,No,No,No,No,No,No,No,No,No,Yes,No,Yes,No,No,No,No,No,Yes,No,No,No,No,No,No,No,No,No,No,Yes,No,No,No,Yes,Yes,No,No
No,No,No,No,No,No,Yes,No,No,No,No,No,No,No,No,No,No,Yes,No,No,No,No,No,No,No,No,No,No,Yes,Yes,Yes,No,No,Yes,Yes,No,Yes,No,No,No,Yes,No,No,No,No,No,No,No,Yes,No,No,No,No
No,No,No,No,No,No,Yes,No,No,No,No,No,Yes,Yes,No,No,No,Yes,No,Yes,No,Yes,No,Yes,Yes,No,Yes,No,No,No,No,No,Yes,No,No,No,No,Yes,No,Yes,No,No,No,No,No,No,No,No,No,No,No,No,No
No,No,No,No,No,Yes,No,No,No,No,No,No,No,No,Yes,No,No,Yes,No,Yes,No,No,No,No,No,No,No,No,No,No,Yes,No,No,No,No,No,No,No,No,No,No,Yes,Yes,No,No,Yes,No,No,No,Yes,No,No,No
No,No,No,Yes,No,No,Yes,Yes,No,No,No,No,No,No,No,No,Yes,No,No,No,No,No,No,Yes,Yes,Yes,No,No,Yes,No,No,No,No,No,Yes,Yes,Yes,Yes,No,No,No,No,Yes,No,No,No,No,No,No,No,Yes,No,No
No,No,No,No,No,No,No,No,No,No,No,No,No,No,No,No,No,No,No,No,No,No,No,No,No,No,No,No,No,No,No,No,No,No,Yes,No,Yes,No,No,No,No,No,Yes,Yes,No,Yes,No,Yes,No,No,No,No,No
No,No,No,No,Yes,No,No,No,No,No,No,No,No,Yes,No,Yes,Yes,No,No,No,No,No,No,No,No,Yes,No,No,No,No,Yes,No,No,No,Yes,No,Yes,No,No,No,Yes,No,No,No,No,No,Yes,Yes,Yes,No,Yes,No,No
No,No,No,No,No,No,No,No,No,No,No,No,No,No,Yes,No,No,No,No,No,No,No,No,Yes,Yes,No,Yes,No,Yes,No,No,No,No,No,Yes,No,Yes,Yes,No,No,No,No,No,Yes,No,Yes,No,No,No,No,No,No,No
No,No,No,Yes,No,No,No,No,No,Yes,No,No,No,No,Yes,No,No,No,No,No,No,No,No,No,No,No,Yes,No,No,Yes,No,No,No,No,Yes,No,Yes,No,Yes,No,No,No,No,Yes,No,No,No,No,No,No,No,No,No
Yes,No,No,Yes,No,Yes,Yes,No,No,Yes,No,Yes,No,No,No,No,Yes,No,No,No,No,No,Yes,No,No,No,No,No,Yes,Yes,No,No,No,No,No,No,Yes,No,No,Yes,No,No,Yes,No,No,Yes,No,No,No,No,No,No,No
No,No,No,No,Yes,No,No,No,No,Yes,No,No,No,No,No,No,No,Yes,Yes,No,No,Yes,No,No,No,No,No,No,Yes,No,Yes,No,No,No,Yes,No,No,No,Yes,No,No,No,No,Yes,Yes,Yes,No,No,No,No,No,No,No
No,Yes,No,No,No,No,No,No,No,Yes,No,No,No,Yes,No,No,No,No,No,No,No,No,No,Yes,No,No,No,No,Yes,No,Yes,No,No,No,No,No,No,No,No,No,Yes,Yes,No,No,No,No,Yes,Yes,No,Yes,No,No,No
Yes,No,No,No,No,No,Yes,No,No,No,No,No,No,No,No,No,Yes,No,No,Yes,No,No,No,No,No,No,Yes,No,Yes,Yes,No,No,No,No,Yes,No,No,Yes,No,No,No,No,Yes,Yes,No,Yes,No,No,No,No,No,No,No
Yes,No,No,Yes,Yes,No,No,No,Yes,Yes,No,No,No,No,No,Yes,No,No,Yes,Yes,Yes,Yes,Yes,No,No,No,No,Yes,No,No,No,Yes,No,No,No,No,Yes,Yes,No,No,No,No,No,No,No,No,No,No,Yes,Yes,No,Yes,Yes
Yes,No,No,No,No,No,No,Yes,No,No,No,No,No,No,Yes,No,No,No,Yes,No,No,Yes,No,No,No,No,Yes,No,No,No,No,No,No,No,Yes,No,No,No,No,Yes,No,No,No,No,No,No,No,No,No,Yes,Yes,No,No
No,Yes,No,No,Yes,No,Yes,No,No,No,No,No,No,Yes,No,Yes,Yes,No,No,No,No,No,No,No,No,No,No,No,No,No,No,No,No,Yes,No,Yes,Yes,No,No,No,No,Yes,No,No,No,No,No,No,No,No,Yes,Yes,No
Yes,No,No,Yes,No,No,No,No,No,No,No,Yes,Yes,Yes,No,No,No,No,No,Yes,No,No,No,No,No,No,Yes,No,No,No,Yes,No,Yes,No,No,No,No,No,Yes,Yes,No,No,No,No,No,No,No,Yes,No,No,Yes,Yes,No
No,No,No,No,No,No,No,Yes,Yes,No,No,No,No,No,Yes,No,No,Yes,No,No,Yes,No,No,No,No,No,No,Yes,No,No,No,Yes,Yes,Yes,No,Yes,No,No,No,No,No,Yes,Yes,No,No,No,No,No,No,No,No,No,Yes
No,Yes,No,Yes,No,No,No,No,No,No,No,No,Yes,No,Yes,No,No,No,No,Yes,No,No,No,No,Yes,Yes,Yes,No,Yes,No,No,No,No,No,No,No,No,No,Yes,No,No,No,No,Yes,No,Yes,No,No,No,No,No,No,No
No,No,No,No,Yes,No,Yes,No,Yes,No,No,No,No,No,Yes,No,Yes,Yes,No,No,No,Yes,No,No,No,No,Yes,Yes,No,Yes,No,Yes,Yes,Yes,No,No,No,No,No,No,No,Yes,No,Yes,No,Yes,Yes,Yes,No,Yes,No,Yes,Yes
No,No,Yes,No,No,No,No,No,No,Yes,Yes,No,Yes,No,No,Yes,No,No,No,Yes,Yes,No,No,No,Yes,No,Yes,No,Yes,No,Yes,No,No,Yes,No,No,No,No,Yes,Yes,No,No,No,No,No,No,No,Yes,Yes,No,No,No,No
No,Yes,No,No,No,No,No,No,No,No,Yes,No,No,No,No,No,No,No,No,Yes,Yes,No,No,Yes,No,No,No,No,No,No,Yes,No,No,No,No,No,No,Yes,No,No,No,Yes,No,No,No,No,No,No,No,No,No,No,No
Yes,No,No,No,No,No,No,No,No,No,No,No,No,Yes,No,Yes,No,No,Yes,Yes,No,Yes,No,No,No,No,No,No,No,No,No,Yes,No,No,Yes,No,Yes,Yes,No,No,Yes,No,No,No,No,Yes,Yes,No,No,Yes,No,No,No
No,Yes,No,Yes,No,No,No,Yes,No,No,No,No,No,Yes,No,No,No,No,No,No,Yes,No,No,No,No,No,No,No,No,No,No,Yes,Yes,Yes,No,No,No,Yes,No,No,No,Yes,Yes,Yes,No,No,Yes,No,No,No,No,Yes,No
Yes,No,No,No,No,No,No,No,No,No,Yes,No,No,No,No,No,No,No,Yes,No,No,No,No,No,No,No,No,No,Yes,Yes,Yes,No,No,Yes,Yes,No,Yes,No,No,No,Yes,No,No,No,No,Yes,No,No,No,No,Yes,No,No
No,No,No,No,Yes,Yes,No,No,No,No,No,No,No,Yes,No,No,No,No,Yes,No,No,No,No,No,No,No,No,No,No,No,No,No,No,No,Yes,No,Yes,No,No,No,No,No,No,No,No,Yes,Yes,No,No,No,Yes,No,No
Yes,No,No,Yes,No,Yes,Yes,No,Yes,Yes,No,No,No,No,Yes,Yes,No,No,No,No,No,No,No,No,No,No,No,Yes,Yes,No,Yes,Yes,No,No,No,No,No,No,No,No,No,Yes,No,No,No,No,No,Yes,No,Yes,No,No,Yes
No,No,No,No,No,No,No,No,Yes,No,Yes,No,No,No,No,No,No,No,Yes,No,Yes,Yes,Yes,Yes,No,No,Yes,Yes,No,Yes,No,No,No,Yes,No,No,No,No,Yes,No,No,No,No,No,No,No,Yes,No,No,Yes,No,No,Yes
No,No,No,No,Yes,No,Yes,Yes,Yes,No,No,Yes,No,No,Yes,No,No,No,No,Yes,No,No,No,No,Yes,No,No,Yes,No,No,No,No,No,No,No,No,No,Yes,No,No,Yes,Yes,No,No,No,No,No,No,Yes,No,No,No,Yes
Yes,No,No,No,Yes,No,No,No,No,No,No,Yes,Yes,No,No,No,No,No,No,No,Yes,Yes,Yes,Yes,No,No,No,No,No,No,No,Yes,Yes,No,Yes,No,No,No,No,Yes,Yes,Yes,No,No,Yes,No,No,No,No,No,No,No,No
Yes,No,No,No,No,No,No,No,No,No,Yes,No,Yes,No,No,No,No,No,No,No,No,Yes,No,Yes,No,No,No,No,No,No,No,No,No,Yes,No,Yes,Yes,No,No,Yes,No,No,Yes,No,No,No,No,Yes,No,Yes,Yes,Yes,No
No,No,No,No,Yes,No,No,No,No,No,No,Yes,No,No,No,No,No,Yes,Yes,No,Yes,Yes,No,Yes,No,No,No,No,No,No,No,No,No,Yes,No,No,Yes,No,No,No,Yes,Yes,No,No,No,No,No,No,No,Yes,No,No,Yes
Yes,No,No,No,Yes,No,No,No,No,No,No,No,Yes,No,No,No,Yes,No,No,No,No,Yes,Yes,No,No,No,Yes,No,Yes,No,Yes,No,Yes,No,No,No,No,No,No,Yes,Yes,No,No,No,No,No,No,No,No,Yes,Yes,Yes,No
No,Yes,No,No,No,No,No,No,No,No,No,No,Yes,Yes,No,No,Yes,No,No,No,No,Yes,No,No,Yes,Yes,No,No,No,No,No,Yes,Yes,No,No,No,No,No,No,No,Yes,No,No,No,Yes,No,No,No,Yes,No,Yes,No,No
No,Yes,No,No,No,Yes,Yes,No,No,No,No,No,No,No,No,No,Yes,Yes,No,No,No,No,No,No,No,No,No,No,No,No,Yes,Yes,No,Yes,No,Yes,Yes,No,No,No,Yes,Yes,No,No,No,No,No,No,No,Yes,Yes,No,No
No,No,No,Yes,No,No,No,No,No,No,No,No,No,No,No,No,No,No,Yes,Yes,Yes,Yes,No,No,No,No,No,No,No,No,No,Yes,No,No,Yes,No,No,No,No,No,Yes,No,No,No,No,No,No,No,Yes,No,No,No,No
Yes,No,No,No,Yes,No,Yes,Yes,Yes,Yes,No,No,No,No,No,Yes,Yes,Yes,Yes,Yes,Yes,No,No,Yes,Yes,Yes,No,Yes,No,No,No,No,Yes,No,No,No,No,Yes,No,No,No,Yes,Yes,No,No,No,Yes,No,No,No,Yes,Yes,Yes
Yes,No,Yes,No,Yes,Yes,Yes,No,No,No,Yes,No,No,No,Yes,No,No,Yes,Yes,No,Yes,No,Yes,Yes,No,Yes,No,Yes,No,No,No,No,No,Yes,No,No,Yes,No,No,No,No,Yes,No,No,No,No,No,No,Yes,No,No,No,Yes
No,No,Yes,Yes,No,No,No,No,Yes,No,Yes,No,No,No,No,No,Yes,No,No,No,Yes,No,No,Yes,No,No,No,Yes,Yes,No,No,No,No,No,No,No,No,Yes,No,No,No,No,No,No,No,No,No,No,No,Yes,No,No,Yes
Yes,No,No,No,Yes,Yes,No,No,No,Yes,No,No,No,No,No,No,No,No,Yes,No,No,No,Yes,No,No,No,No,No,Yes,Yes,No,No,No,No,Yes,No,No,No,No,No,Yes,Yes,No,Yes,Yes,Yes,No,Yes,Yes,No,No,No,No
No,Yes,Yes,No,No,No,No,No,No,Yes,No,Yes,No,No,Yes,No,No,No,No,Yes,Yes,Yes,No,No,Yes,No,No,No,No,No,Yes,Yes,Yes,No,No,Yes,No,No,No,No,Yes,Yes,No,No,No,No,No,Yes,No,No,Yes,Yes,No
No,Yes,No,No,No,No,No,No,No,No,Yes,No,No,No,Yes,No,No,No,No,No,No,No,No,Yes,Yes,No,No,No,No,No,Yes,Yes,No,Yes,No,No,No,No,No,No,No,Yes,No,No,Yes,No,No,Yes,No,Yes,Yes,Yes,No
No,No,No,Yes,Yes,Yes,No,Yes,Yes,No,No,Yes,No,No,No,No,Yes,No,Yes,No,Yes,No,No,No,No,No,No,Yes,No,No,No,No,No,No,No,No,No,Yes,No,No,No,Yes,No,No,No,No,No,No,No,Yes,Yes,Yes,Yes
No,No,No,Yes,No,Yes,Yes,No,No,No,Yes,No,No,No,Yes,Yes,Yes,Yes,Yes,No,No,Yes,No,No,Yes,Yes,No,No,No,No,Yes,Yes,No,Yes,Yes,Yes,No,Yes,No,No,No,No,Yes,Yes,No,Yes,No,No,Yes,No,No,No,No
No,No,Yes,Yes,No,Yes,Yes,No,Yes,Yes,No,No,Yes,No,No,Yes,No,Yes,Yes,No,No,Yes,Yes,No,Yes,Yes,Yes,No,Yes,Yes,Yes,No,Yes,Yes,No,No,Yes,Yes,No,No,No,No,No,No,No,No,No,Yes,Yes,Yes,No,Yes,No
No,No,No,No,No,No,Yes,No,No,No,No,No,No,Yes,Yes,No,No,No,No,No,No,No,No,No,Yes,No,No,No,No,No,No,Yes,Yes,Yes,No,Yes,No,No,No,No,Yes,Yes,No,No,No,No,No,No,Yes,No,Yes,Yes,No
No,No,No,No,No,No,Yes,No,Yes,Yes,No,No,Yes,Yes,No,No,Yes,Yes,No,No,Yes,Yes,No,Yes,No,No,No,No,Yes,No,No,No,No,Yes,No,No,Yes,Yes,No,Yes,No,Yes,No,Yes,No,Yes,No,No,No,No,Yes,No,No
No,No,No,No,Yes,No,No,No,Yes,Yes,No,Yes,No,No,No,No,No,No,No,No,Yes,No,No,No,No,Yes,No,Yes,No,No,No,No,Yes,No,No,No,No,No,No,No,No,No,Yes,No,Yes,No,Yes,No,No,No,Yes,No,No
Yes,No,No,Yes,No,No,No,No,No,No,No,No,No,No,Yes,No,Yes,Yes,No,No,No,No,No,Yes,No,Yes,No,No,No,No,No,No,No,No,Yes,No,Yes,No,No,No,No,No,No,Yes,No,No,No,No,No,No,Yes,No,No
No,No,No,No,No,No,Yes,No,No,No,No,Yes,Yes,No,No,No,No,Yes,Yes,No,No,Yes,Yes,Yes,No,No,Yes,No,No,No,No,Yes,Yes,No,No,No,No,Yes,No,Yes,No,No,Yes,No,No,No,No,No,No,No,Yes,Yes,No
No,No,No,Yes,No,No,No,No,Yes,No,Yes,No,Yes,Yes,No,No,No,Yes,No,Yes,No,Yes,No,No,No,No,No,No,No,No,No,Yes,No,No,Yes,No,No,No,No,Yes,No,No,No,Yes,No,No,No,No,Yes,No,Yes,Yes,No
No,No,Yes,No,Yes,No,No,No,Yes,No,No,Yes,No,No,No,No,No,Yes,No,No,No,No,No,No,Yes,No,No,Yes,No,No,No,Yes,No,No,Yes,Yes,No,No,Yes,No,No,No,No,No,No,No,No,No,No,No,No,No,Yes
Yes,No,No,No,No,No,No,No,No,No,No,No,Yes,No,No,No,No,No,Yes,No,No,No,Yes,No,No,No,No,No,No,Yes,No,No,No,Yes,No,No,No,No,No,No,No,No,No,No,Yes,No,Yes,Yes,No,No,No,No,No
Yes,No,No,No,No,No,Yes,No,Yes,No,No,No,No,No,No,Yes,No,Yes,No,No,No,No,Yes,No,No,No,No,Yes,Yes,No,No,No,No,No,No,No,No,No,No,No,No,Yes,No,Yes,No,Yes,No,No,No,Yes,No,No,Yes
No,No,No,No,No,No,No,No,Yes,No,No,No,No,No,No,No,No,Yes,Yes,No,Yes,No,No,No,No,No,No,Yes,No,No,No,Yes,No,No,No,No,No,No,No,No,No,No,No,No,No,No,No,No,No,Yes,Yes,Yes,Yes
No,No,No,Yes,No,No,No,No,No,No,No,No,No,No,No,No,No,Yes,No,No,No,No,No,No,No,No,No,No,No,No,No,No,No,No,Yes,No,Yes,No,No,No,No,No,No,No,Yes,No,No,No,No,No,No,No,No
Yes,Yes,No,No,No,No,No,No,No,Yes,Yes,Yes,No,Yes,Yes,Yes,Yes,Yes,No,No,Yes,No,No,Yes,No,Yes,Yes,No,No,No,Yes,No,Yes,No,No,No,No,No,No,No,No,No,No,No,No,No,Yes,No,No,No,No,Yes,No
Yes,Yes,No,No,No,Yes,Yes,Yes,No,No,No,No,No,Yes,No,No,Yes,No,No,Yes,No,Yes,No,No,Yes,No,No,No,No,No,No,No,No,No,No,No,No,No,No,No,No,No,No,No,No,No,No,No,No,No,No,No,No
No,Yes,Yes,No,Yes,No,No,No,No,Yes,Yes,No,No,Yes,Yes,Yes,No,No,No,Yes,No,No,No,Yes,No,No,No,No,Yes,No,Yes,No,No,No,No,Yes,No,Yes,No,No,No,Yes,No,No,No,No,Yes,No,No,No,No,Yes,No
No,No,No,No,No,Yes,No,Yes,Yes,No,No,No,No,No,No,Yes,Yes,Yes,No,Yes,Yes,Yes,No,Yes,No,No,No,Yes,Yes,Yes,No,No,No,No,No,Yes,Yes,Yes,No,No,No,No,No,No,No,No,No,No,No,No,No,No,Yes
No,No,No,No,Yes,No,No,No,Yes,No,No,No,No,No,No,No,No,No,Yes,No,Yes,No,No,No,No,No,No,Yes,No,No,Yes,No,No,Yes,No,No,No,No,No,No,No,No,No,No,No,No,Yes,No,No,No,No,No,No
No,No,Yes,No,No,Yes,No,No,No,No,No,Yes,No,No,No,Yes,Yes,No,No,No,No,No,No,No,No,Yes,Yes,No,No,No,No,No,No,No,Yes,Yes,Yes,No,No,No,Yes,No,Yes,Yes,No,Yes,Yes,No,No,No,No,No,No
Yes,Yes,Yes,Yes,No,No,No,No,No,Yes,Yes,No,Yes,No,Yes,No,No,No,No,No,No,Yes,Yes,No,No,No,No,No,No,No,Yes,No,Yes,No,No,No,No,No,No,Yes,Yes,No,No,No,Yes,No,No,No,Yes,Yes,No,No,No
No,No,No,Yes,No,No,Yes,No,No,No,No,No,Yes,Yes,No,No,No,No,No,Yes,No,No,Yes,No,Yes,No,Yes,No,No,No,No,No,Yes,No,No,No,No,Yes,No,Yes,No,No,Yes,No,No,No,No,No,No,No,Yes,No,No
No,No,No,No,Yes,No,No,No,No,No,No,No,No,No,No,Yes,No,No,No,No,No,No,Yes,Yes,Yes,No,No,Yes,Yes,No,No,Yes,No,No,No,Yes,No,No,Yes,No,No,Yes,Yes,No,Yes,Yes,No,No,No,No,No,No,Yes
No,No,Yes,Yes,No,No,No,Yes,No,No,No,Yes,No,No,No,Yes,Yes,No,No,No,No,Yes,Yes,Yes,No,Yes,No,No,No,No,Yes,No,No,No,Yes,Yes,No,Yes,No,No,No,No,Yes,Yes,Yes,Yes,Yes,No,Yes,Yes,No,No,No
No,No,No,No,No,No,No,Yes,Yes,Yes,No,No,No,No,No,Yes,No,No,No,No,No,Yes,Yes,No,No,Yes,No,Yes,No,No,No,No,No,Yes,No,No,No,No,No,No,No,No,No,No,Yes,No,No,No,Yes,No,No,No,Yes
Yes,Yes,No,No,No,No,No,Yes,No,Yes,Yes,Yes,No,No,No,No,No,No,No,Yes,No,No,No,No,No,No,No,No,Yes,No,Yes,No,Yes,No,No,No,No,No,No,No,Yes,Yes,No,No,Yes,No,No,Yes,No,No,No,No,No
No,No,No,No,No,Yes,No,No,No,No,No,No,No,No,No,No,No,No,No,No,No,No,No,No,No,No,No,No,No,No,No,No,No,No,No,No,No,No,No,No,No,No,No,No,No,Yes,No,No,No,No,No,No,No
No,No,No,Yes,No,No,No,No,No,Yes,Yes,No,Yes,No,Yes,No,No,No,Yes,Yes,No,No,Yes,No,Yes,No,Yes,No,No,No,Yes,No,Yes,No,No,No,No,No,No,Yes,No,No,No,No,No,No,No,No,Yes,No,No,No,No
No,No,No,No,No,No,No,Yes,No,No,No,Yes,Yes,Yes,No,Yes,No,No,No,No,No,No,Yes,No,No,Yes,No,No,No,No,No,No,No,No,No,Yes,No,No,No,Yes,No,No,No,No,No,No,No,No,No,Yes,No,Yes,No
No,Yes,No,Yes,No,Yes,Yes,No,No,No,No,No,No,Yes,No,No,Yes,No,No,Yes,No,No,No,No,No,No,No,No,Yes,No,Yes,No,No,No,No,No,No,No,Yes,No,No,Yes,No,No,No,No,Yes,No,No,No,Yes,No,No
Yes,No,No,No,No,Yes,No,No,No,No,Yes,No,No,Yes,No,No,No,No,No,No,No,No,No,Yes,No,Yes,No,No,No,No,No,No,No,No,Yes,No,No,No,Yes,No,No,No,No,Yes,No,Yes,No,No,No,No,No,Yes,No
No,No,Yes,No,No,No,Yes,No,No,No,No,No,No,Yes,No,No,Yes,Yes,No,No,No,No,No,No,No,Yes,Yes,No,No,No,No,No,Yes,Yes,Yes,No,Yes,No,No,No,Yes,No,No,No,No,No,No,No,No,No,No,No,No
No,No,No,No,Yes,No,Yes,No,No,Yes,No,No,No,No,No,No,No,No,No,No,No,No,Yes,No,No,No,No,No,No,No,Yes,No,No,No,Yes,No,Yes,Yes,No,No,No,No,No,Yes,No,Yes,Yes,No,No,No,No,No,No
No,No,No,Yes,No,No,No,No,No,Yes,Yes,No,Yes,Yes,Yes,No,No,No,No,Yes,No,Yes,No,Yes,No,Yes,Yes,No,No,No,No,No,Yes,No,No,No,No,Yes,No,Yes,No,No,No,No,No,No,No,No,No,No,Yes,Yes,No
No,No,No,No,No,No,No,No,No,No,No,No,Yes,No,No,No,Yes,No,No,No,No,No,No,No,No,No,No,No,No,No,Yes,No,No,No,No,No,No,No,No,Yes,No,No,Yes,No,Yes,No,Yes,No,No,No,No,No,No
No,No,Yes,Yes,No,No,Yes,No,No,Yes,Yes,No,No,No,No,No,No,No,No,No,No,No,No,Yes,No,No,Yes,No,No,No,No,No,No,No,Yes,No,Yes,No,No,No,No,No,No,Yes,No,Yes,No,No,Yes,Yes,No,No,No
Yes,No,No,Yes,No,Yes,No,No,No,No,No,Yes,No,No,No,No,No,No,No,No,No,No,No,Yes,No,No,Yes,No,Yes,No,Yes,No,No,No,Yes,No,Yes,No,No,No,No,No,No,Yes,No,Yes,Yes,No,No,No,No,No,No
No,No,No,No,Yes,No,No,Yes,No,No,Yes,No,Yes,Yes,No,Yes,No,No,Yes,No,Yes,No,Yes,No,Yes,No,No,No,Yes,No,No,No,No,No,No,No,No,No,Yes,Yes,No,No,No,No,No,No,No,No,No,No,No,No,No
No,No,Yes,No,No,No,Yes,Yes,No,No,No,No,No,No,No,Yes,No,No,No,No,Yes,No,No,Yes,No,No,No,No,No,No,No,No,No,No,Yes,No,No,Yes,Yes,No,No,No,Yes,No,No,No,No,No,No,No,No,No,No
Yes,No,Yes,No,No,No,No,No,No,No,No,No,Yes,Yes,No,No,No,No,No,No,No,Yes,No,No,No,No,No,No,Yes,No,No,Yes,No,No,No,Yes,No,Yes,No,No,No,No,No,No,No,No,Yes,No,No,No,No,No,No
No,No,No,No,No,No,No,No,No,No,No,No,Yes,No,No,No,No,No,No,No,No,Yes,No,No,Yes,No,Yes,No,Yes,No,No,No,No,No,No,No,No,No,Yes,Yes,Yes,Yes,No,No,Yes,No,No,No,No,No,No,Yes,No
No,No,No,No,No,No,No,No,Yes,No,No,Yes,No,No,No,No,No,No,No,No,Yes,No,No,No,Yes,No,No,Yes,No,No,No,Yes,No,Yes,No,No,No,No,Yes,No,Yes,Yes,No,No,No,No,No,No,No,Yes,No,No,Yes
No,No,No,No,No,Yes,No,Yes,No,No,No,No,No,No,No,No,No,No,Yes,No,Yes,No,No,No,No,No,Yes,No,No,Yes,No,No,No,No,No,No,No,No,Yes,No,No,Yes,No,No,No,No,Yes,No,No,No,No,No,No
Yes,No,No,No,No,No,No,No,No,No,No,No,No,No,No,No,No,No,Yes,Yes,No,Yes,No,No,No,No,Yes,No,No,Yes,No,Yes,Yes,Yes,Yes,No,No,No,Yes,No,Yes,No,No,No,No,No,No,No,No,No,No,No,No
Yes,Yes,No,Yes,No,Yes,Yes,No,No,No,No,No,No,No,No,No,No,No,No,No,No,No,No,Yes,No,No,No,No,No,No,No,No,No,No,No,No,No,No,No,No,No,No,Yes,Yes,No,Yes,No,No,Yes,No,No,No,No
No,No,No,No,Yes,No,No,Yes,Yes,Yes,No,No,No,No,No,Yes,Yes,No,Yes,No,Yes,No,No,Yes,No,No,No,Yes,Yes,No,Yes,No,No,No,No,Yes,No,No,Yes,No,Yes,Yes,No,No,No,No,No,No,Yes,No,Yes,No,Yes
No,No,Yes,No,No,No,Yes,No,No,No,No,No,No,No,No,No,No,No,Yes,No,No,Yes,No,No,Yes,Yes,Yes,No,No,No,No,No,Yes,No,No,Yes,Yes,Yes,No,Yes,No,No,Yes,No,No,No,No,No,No,Yes,No,No,Yes
No,No,No,Yes,No,No,Yes,No,Yes,No,Yes,No,Yes,No,Yes,No,No,No,No,Yes,No,Yes,No,No,Yes,No,No,No,No,No,No,No,No,No,No,No,No,No,No,Yes,No,No,No,No,No,No,No,No,No,No,Yes,No,No
Yes,No,No,No,No,No,No,Yes,No,Yes,No,No,Yes,Yes,No,No,No,No,Yes,No,No,Yes,No,Yes,Yes,No,Yes,No,No,Yes,No,No,Yes,Yes,Yes,No,Yes,No,Yes,Yes,No,Yes,Yes,Yes,No,No,No,Yes,Yes,No,Yes,No,No
No,No,No,No,No,No,No,No,No,No,No,No,Yes,No,No,No,Yes,No,No,No,No,Yes,No,No,No,No,Yes,No,No,Yes,No,No,Yes,No,No,No,No,No,No,Yes,No,No,No,No,No,No,No,No,No,No,Yes,No,No
No,Yes,No,No,No,No,Yes,Yes,No,Yes,No,No,No,No,Yes,No,No,No,No,No,No,Yes,No,No,No,No,Yes,No,No,No,Yes,No,No,No,No,No,No,No,No,No,No,Yes,No,No,No,No,No,No,No,No,No,No,No
No,No,Yes,Yes,No,No,Yes,No,No,Yes,No,Yes,No,No,No,No,No,No,No,No,Yes,Yes,Yes,No,No,No,No,No,No,No,No,No,No,No,Yes,No,No,Yes,No,No,No,No,No,No,Yes,No,No,No,No,No,No,No,No
Yes,Yes,No,Yes,No,No,No,No,No,Yes,No,No,Yes,Yes,No,No,No,No,Yes,Yes,No,No,No,No,No,No,No,No,Yes,No,No,No,No,Yes,No,No,Yes,No,No,Yes,No,No,No,No,Yes,No,No,No,No,No,No,No,No
Yes,No,No,No,No,No,No,No,Yes,No,No,No,No,No,No,No,Yes,No,Yes,No,No,No,No,No,No,No,No,No,No,No,No,No,No,No,No,No,No,No,No,No,No,No,No,No,No,No,No,No,No,No,No,No,No
No,Yes,No,Yes,No,Yes,No,No,No,No,No,No,No,No,No,No,Yes,Yes,No,No,No,No,No,No,No,No,No,No,No,No,No,No,No,No,No,No,No,No,No,No,No,Yes,No,No,No,No,No,No,No,No,Yes,No,No
No,No,No,No,Yes,No,No,No,Yes,No,No,No,No,No,No,No,Yes,No,No,No,Yes,No,No,No,No,No,No,Yes,Yes,No,No,Yes,No,No,No,No,No,No,No,No,No,No,No,No,No,No,No,Yes,No,Yes,No,No,Yes
Yes,Yes,No,No,No,No,No,Yes,No,No,No,Yes,No,No,No,No,No,No,Yes,No,No,No,No,No,No,No,No,No,No,No,Yes,No,No,No,No,No,No,Yes,No,No,No,No,No,No,No,No,No,No,Yes,No,No,No,No
No,Yes,No,No,No,No,No,No,No,No,Yes,Yes,No,No,Yes,No,No,No,No,No,Yes,No,Yes,No,No,No,No,No,No,Yes,No,No,No,No,No,Yes,No,Yes,No,No,No,Yes,No,No,Yes,No,No,No,No,No,No,Yes,No
No,No,Yes,No,Yes,No,No,No,Yes,No,No,No,No,No,No,No,No,No,Yes,No,No,No,No,No,No,No,No,No,No,No,No,No,Yes,No,No,No,No,No,No,No,No,No,No,No,No,No,No,No,No,No,No,No,Yes
No,No,Yes,No,No,Yes,No,Yes,No,No,No,Yes,No,No,Yes,No,No,No,No,Yes,No,No,No,No,No,Yes,No,No,Yes,No,No,Yes,No,No,No,Yes,No,No,No,No,No,Yes,No,Yes,Yes,Yes,No,Yes,No,No,Yes,No,No
Yes,No,Yes,Yes,No,No,No,Yes,No,Yes,Yes,No,Yes,No,No,No,No,No,No,Yes,No,Yes,Yes,Yes,Yes,Yes,Yes,No,Yes,Yes,No,No,No,No,No,Yes,No,Yes,Yes,Yes,No,No,No,No,No,No,Yes,No,Yes,No,No,Yes,No
No,No,No,No,No,No,No,No,Yes,No,No,No,Yes,Yes,No,No,No,Yes,Yes,No,No,Yes,Yes,No,No,No,Yes,No,No,No,No,No,Yes,No,No,No,Yes,No,No,No,No,Yes,No,No,No,No,No,No,No,No,No,Yes,No
Yes,Yes,No,Yes,No,No,No,No,No,No,No,Yes,No,Yes,No,No,No,Yes,No,Yes,No,No,No,No,No,No,No,No,No,No,No,No,No,No,No,No,No,No,No,No,No,Yes,No,No,No,No,No,Yes,No,No,No,Yes,No
No,Yes,Yes,No,No,Yes,No,No,No,No,No,Yes,No,No,Yes,No,No,No,Yes,No,Yes,No,Yes,No,Yes,No,No,No,Yes,No,No,Yes,No,No,No,No,No,No,No,No,No,No,No,No,No,No,Yes,No,No,No,Yes,Yes,No
Yes,No,No,No,No,No,No,Yes,No,No,Yes,Yes,Yes,No,No,No,No,No,No,Yes,No,Yes,Yes,Yes,Yes,No,Yes,No,No,No,Yes,Yes,Yes,No,No,No,No,No,No,Yes,No,No,No,No,Yes,No,Yes,No,No,No,No,No,No
No,No,No,No,Yes,No,No,No,No,No,No,Yes,No,No,Yes,No,No,No,No,No,No,Yes,No,No,No,No,No,Yes,No,No,No,No,No,No,No,No,No,Yes,No,No,No,No,No,No,No,No,No,Yes,No,No,No,No,Yes
No,Yes,No,No,No,No,No,No,No,No,No,No,No,No,Yes,No,Yes,No,Yes,No,Yes,No,No,No,No,No,No,No,No,No,No,Yes,No,No,Yes,Yes,No,No,Yes,No,No,No,No,No,No,No,Yes,No,No,No,No,Yes,No
No,No,No,No,No,No,Yes,No,Yes,Yes,No,Yes,No,No,No,Yes,No,No,No,No,No,Yes,Yes,Yes,Yes,No,Yes,No,No,Yes,No,Yes,No,Yes,No,Yes,No,Yes,No,Yes,No,No,No,No,No,No,No,Yes,No,Yes,No,Yes,No
No,No,Yes,No,No,No,No,No,No,No,No,Yes,Yes,No,No,No,No,No,No,No,No,No,No,No,No,No,No,No,No,No,No,No,Yes,No,No,No,No,Yes,No,Yes,No,No,Yes,No,Yes,No,Yes,No,No,No,Yes,No,No
No,Yes,No,No,No,No,No,No,No,No,Yes,Yes,No,Yes,No,No,Yes,No,No,No,Yes,Yes,No,No,No,No,No,No,No,No,No,No,No,No,No,Yes,No,No,No,No,No,Yes,No,Yes,No,No,Yes,Yes,No,No,No,Yes,No
Yes,No,No,No,Yes,Yes,Yes,No,No,Yes,No,No,No,No,No,No,No,No,No,No,No,No,No,Yes,No,Yes,No,No,No,No,No,No,No,No,Yes,No,No,No,No,No,Yes,No,No,Yes,Yes,Yes,No,No,No,No,Yes,No,No
No,No,No,No,Yes,No,No,No,Yes,Yes,No,No,No,No,No,No,Yes,No,No,No,No,No,No,No,No,No,No,Yes,No,Yes,No,No,No,No,No,No,No,No,No,No,No,No,No,No,Yes,No,No,No,No,Yes,No,No,Yes
No,No,No,Yes,Yes,No,No,Yes,Yes,No,Yes,No,No,No,Yes,No,No,Yes,Yes,No,No,Yes,Yes,No,Yes,Yes,No,Yes,No,No,No,No,No,No,No,No,Yes,No,Yes,No,No,No,Yes,No,Yes,No,No,No,Yes,No,Yes,No,Yes
Yes,Yes,No,No,No,No,Yes,Yes,No,No,No,No,Yes,Yes,No,No,No,No,No,No,No,No,No,No,No,No,No,No,Yes,No,No,Yes,Yes,No,No,No,No,No,No,Yes,No,No,No,No,No,No,No,No,Yes,No,No,No,Yes
No,No,No,No,No,No,Yes,No,No,No,No,No,Yes,Yes,No,No,Yes,No,No,No,No,No,Yes,Yes,No,Yes,Yes,No,No,No,No,Yes,No,No,No,Yes,No,Yes,No,Yes,No,No,No,No,No,No,No,No,No,No,No,No,No
No,No,No,No,Yes,Yes,No,Yes,No,No,No,No,No,Yes,No,Yes,No,No,Yes,No,No,No,No,No,No,No,No,No,No,No,No,No,Yes,No,Yes,No,No,No,No,No,No,No,No,No,No,No,No,No,No,No,No,No,No
No,No,No,No,Yes,No,No,Yes,No,Yes,No,No,No,No,No,Yes,Yes,Yes,No,No,No,No,Yes,No,Yes,Yes,No,No,No,No,No,Yes,No,No,Yes,No,No,No,Yes,No,No,No,No,No,No,No,No,No,Yes,Yes,No,No,No
No,No,No,No,Yes,Yes,Yes,No,Yes,No,No,No,No,No,No,No,No,No,Yes,No,Yes,No,No,Yes,No,No,No,Yes,No,No,No,Yes,No,No,No,No,No,Yes,No,No,No,Yes,No,No,No,No,No,No,Yes,Yes,No,Yes,Yes
No,No,No,No,No,Yes,No,No,No,No,No,No,No,Yes,No,Yes,No,No,No,No,Yes,No,No,No,No,No,No,No,No,No,No,No,Yes,No,No,No,No,No,Yes,Yes,No,No,Yes,No,Yes,No,No,Yes,No,No,No,No,No
Yes,No,Yes,No,Yes,No,No,No,No,No,No,No,No,No,No,No,No,No,No,No,No,Yes,No,No,No,No,No,No,No,No,No,No,No,No,Yes,No,Yes,No,No,No,No,No,Yes,No,No,No,No,No,Yes,No,No,No,No
Yes,No,No,No,No,No,No,No,No,No,No,No,No,No,No,Yes,No,No,No,No,No,No,Yes,No,No,No,No,Yes,No,No,No,Yes,No,No,No,No,No,Yes,No,No,No,Yes,No,Yes,No,Yes,No,No,No,No,No,No,Yes
No,No,Yes,No,Yes,No,No,Yes,Yes,Yes,No,No,No,No,Yes,No,Yes,No,No,Yes,No,No,No,No,Yes,Yes,No,Yes,No,No,No,Yes,No,Yes,No,Yes,No,Yes,No,No,No,No,No,No,No,No,No,No,No,Yes,No,No,Yes
No,No,Yes,Yes,No,No,Yes,No,Yes,No,No,No,No,Yes,No,Yes,No,No,No,Yes,Yes,Yes,No,No,No,No,No,Yes,No,No,No,Yes,No,No,No,No,No,Yes,No,No,No,Yes,No,Yes,No,Yes,Yes,No,No,No,No,No,Yes
Yes,No,Yes,Yes,No,No,No,No,Yes,Yes,No,Yes,Yes,No,No,No,No,No,No,Yes,No,Yes,No,Yes,No,No,No,No,No,No,No,Yes,No,No,Yes,No,No,No,No,Yes,No,No,No,No,Yes,No,No,No,No,No,No,No,No
No,Yes,Yes,No,No,No,No,No,Yes,No,No,No,Yes,Yes,No,No,No,No,No,No,No,Yes,No,Yes,No,No,Yes,No,Yes,No,No,No,No,No,No,Yes,No,Yes,No,Yes,No,No,No,No,No,No,Yes,Yes,No,No,No,Yes,No
No,No,Yes,No,No,No,Yes,Yes,No,Yes,Yes,No,Yes,Yes,Yes,No,Yes,No,Yes,Yes,No,Yes,No,No,Yes,Yes,No,No,Yes,Yes,Yes,No,Yes,No,No,No,No,No,Yes,Yes,No,Yes,No,No,No,No,Yes,No,Yes,No,No,Yes,No
No,No,No,No,Yes,No,No,Yes,Yes,No,No,No,No,No,No,Yes,No,No,No,No,Yes,No,No,No,No,No,No,Yes,No,Yes,No,No,No,Yes,No,Yes,No,Yes,Yes,No,No,Yes,No,No,No,No,No,No,No,No,No,No,Yes
Yes,No,No,No,No,No,Yes,No,No,No,No,No,No,No,No,No,No,Yes,No,No,No,No,No,No,No,No,No,No,No,No,No,Yes,No,No,Yes,No,No,Yes,No,No,No,No,Yes,Yes,No,Yes,No,No,No,No,No,No,No
Yes,Yes,No,No,No,No,No,Yes,No,No,Yes,No,No,No,No,No,No,Yes,No,Yes,Yes,No,No,No,No,No,No,No,Yes,Yes,No,No,No,Yes,No,No,No,No,No,No,No,No,Yes,No,No,Yes,No,No,No,No,Yes,Yes,No
No,No,No,No,No,No,No,Yes,No,No,No,Yes,No,Yes,No,No,No,No,No,No,No,Yes,No,Yes,Yes,Yes,Yes,No,No,Yes,No,Yes,Yes,No,No,No,No,Yes,No,Yes,No,Yes,No,No,No,No,No,No,No,No,Yes,Yes,No
No,No,No,No,No,No,No,No,No,Yes,No,No,No,No,No,No,Yes,No,Yes,No,No,No,No,Yes,No,Yes,No,Yes,Yes,Yes,No,No,Yes,No,No,No,No,No,No,No,No,Yes,No,No,No,No,Yes,No,Yes,Yes,No,No,No
No,No,No,No,No,No,No,No,Yes,No,No,No,No,No,No,No,Yes,No,No,No,No,Yes,No,No,No,Yes,No,Yes,No,No,No,No,No,No,No,No,No,No,Yes,No,Yes,No,No,No,No,No,No,No,No,No,Yes,Yes,Yes
Yes,No,No,No,No,No,No,No,No,No,Yes,No,Yes,No,No,No,No,Yes,No,No,No,No,Yes,No,No,No,No,No,No,No,No,No,No,No,No,No,No,No,No,No,No,No,No,Yes,No,No,No,No,Yes,No,No,No,No
Yes,Yes,Yes,No,No,No,No,No,No,No,Yes,Yes,No,No,No,No,Yes,No,Yes,No,Yes,No,Yes,No,Yes,No,No,No,Yes,No,No,No,No,No,No,Yes,No,No,No,No,No,Yes,No,No,No,No,No,Yes,No,No,No,No,No
No,No,No,Yes,No,No,No,Yes,No,No,No,No,Yes,No,No,No,Yes,No,Yes,No,No,No,No,No,No,No,No,No,No,Yes,No,No,Yes,No,No,No,No,Yes,No,Yes,No,No,Yes,Yes,Yes,Yes,No,No,No,No,No,No,No
No,No,No,Yes,No,No,No,No,No,No,No,No,No,No,No,Yes,No,No,Yes,No,No,No,Yes,No,No,No,No,No,No,No,No,No,Yes,No,Yes,No,No,No,No,No,No,No,Yes,Yes,No,Yes,No,No,No,No,No,No,No
No,No,Yes,No,Yes,Yes,No,No,Yes,No,Yes,No,No,No,Yes,No,Yes,Yes,Yes,Yes,Yes,Yes,Yes,No,No,Yes,No,Yes,No,No,No,No,No,Yes,No,No,No,No,No,No,No,Yes,No,No,No,No,Yes,No,No,No,No,No,Yes
No,No,No,No,No,No,No,Yes,No,No,No,No,No,Yes,No,No,Yes,No,Yes,No,No,No,No,No,Yes,No,No,No,No,No,No,Yes,No,Yes,No,No,No,No,No,No,No,No,No,Yes,No,No,No,No,No,No,Yes,No,No
Yes,No,No,Yes,No,No,No,Yes,Yes,No,No,No,Yes,No,Yes,No,Yes,No,No,No,No,Yes,No,No,No,No,Yes,No,No,No,No,No,No,No,No,No,No,No,No,Yes,No,No,Yes,No,No,No,No,Yes,No,No,Yes,No,No
No,No,No,Yes,No,No,Yes,No,No,No,No,Yes,No,No,No,No,No,Yes,Yes,No,No,No,No,No,No,Yes,No,Yes,No,No,No,No,No,Yes,No,No,Yes,No,No,No,No,No,No,No,No,No,No,No,No,No,No,No,Yes
No,No,Yes,No,No,No,No,Yes,No,No,No,No,No,Yes,No,Yes,No,Yes,Yes,Yes,No,No,No,No,No,No,Yes,No,No,No,Yes,Yes,Yes,No,No,Yes,No,No,No,No,Yes,Yes,No,No,No,No,No,Yes,Yes,No,No,Yes,No
No,Yes,No,No,No,No,No,No,No,No,No,Yes,No,Yes,Yes,Yes,No,No,Yes,No,Yes,No,No,No,No,No,No,No,No,No,No,No,No,No,No,No,No,Yes,No,No,No,Yes,No,No,No,No,No,Yes,No,No,No,No,No
No,No,Yes,No,No,No,No,Yes,No,No,No,Yes,No,No,No,No,Yes,Yes,Yes,No,No,No,Yes,No,No,No,No,No,No,No,No,Yes,No,No,Yes,No,No,No,No,No,No,No,No,Yes,No,Yes,No,No,No,No,Yes,No,No
No,No,No,Yes,Yes,Yes,No,Yes,Yes,No,No,No,No,No,No,No,Yes,No,No,No,No,No,Yes,No,No,No,No,Yes,No,No,No,No,No,No,No,No,No,Yes,No,No,No,Yes,No,No,No,No,No,No,Yes,No,Yes,No,Yes
No,No,No,No,No,No,No,Yes,No,No,No,No,No,No,No,No,No,No,No,Yes,No,No,Yes,No,No,No,Yes,No,No,No,Yes,Yes,No,No,Yes,No,No,Yes,Yes,No,No,No,No,No,No,No,Yes,No,No,Yes,No,No,No
No,No,No,No,No,No,No,No,No,Yes,No,No,No,No,No,No,No,No,No,Yes,No,Yes,Yes,No,No,Yes,No,No,No,No,Yes,No,No,No,Yes,No,Yes,No,No,No,No,No,No,No,Yes,No,No,No,No,No,No,Yes,No
No,Yes,Yes,No,No,No,No,No,Yes,No,No,No,Yes,Yes,No,Yes,No,No,No,No,No,No,No,No,No,No,No,No,No,No,No,No,Yes,No,No,Yes,No,No,No,Yes,No,No,No,No,No,No,No,No,No,No,No,No,No
No,No,Yes,Yes,Yes,No,No,No,No,Yes,No,No,No,No,No,No,No,Yes,No,Yes,No,Yes,No,No,No,No,No,No,No,No,No,No,Yes,No,No,No,No,Yes,No,No,Yes,No,No,Yes,No,Yes,No,No,No,No,No,No,No
No,Yes,No,No,No,No,No,No,No,No,No,No,No,No,No,No,No,No,No,No,No,No,No,No,No,No,No,No,No,No,No,No,No,No,No,No,No,Yes,No,No,No,Yes,No,No,No,No,No,No,No,Yes,Yes,Yes,No
Yes,Yes,Yes,Yes,No,No,No,Yes,No,No,No,No,No,Yes,No,Yes,Yes,No,No,No,No,No,No,No,No,No,No,No,Yes,No,Yes,Yes,No,No,No,Yes,Yes,No,No,No,No,No,Yes,No,Yes,No,No,Yes,No,No,No,Yes,No
Yes,No,No,No,No,Yes,Yes,Yes,No,Yes,No,No,No,No,No,No,No,Yes,No,No,No,No,Yes,No,No,No,No,No,Yes,Yes,No,No,Yes,No,Yes,No,Yes,Yes,No,No,No,Yes,Yes,No,No,No,Yes,Yes,No,Yes,No,No,No
No,No,No,No,Yes,No,Yes,Yes,Yes,No,No,Yes,No,No,No,Yes,No,Yes,No,No,No,Yes,No,No,No,Yes,No,Yes,No,No,No,Yes,No,Yes,No,No,No,Yes,No,No,No,No,No,No,Yes,No,No,No,No,Yes,No,Yes,Yes
No,Yes,No,No,No,No,Yes,No,No,No,No,No,No,No,No,No,No,No,No,Yes,No,No,No,No,No,No,Yes,No,No,No,No,No,Yes,No,No,No,No,Yes,No,No,No,Yes,Yes,No,No,No,No,Yes,No,No,No,No,No
Yes,Yes,No,No,No,Yes,No,No,No,No,No,Yes,No,Yes,Yes,No,No,No,No,No,No,Yes,No,Yes,No,No,No,No,No,Yes,Yes,Yes,No,No,No,No,No,No,Yes,No,No,No,No,No,No,No,No,No,No,No,No,No,No
No,No,No,No,No,No,No,No,No,No,No,Yes,No,Yes,No,No,No,No,Yes,Yes,No,No,No,No,No,No,No,No,No,No,No,No,No,No,Yes,Yes,No,No,No,No,No,No,Yes,Yes,No,Yes,No,No,No,No,No,No,No
No,No,No,No,No,No,No,No,No,No,No,Yes,Yes,Yes,No,Yes,No,No,No,No,No,No,No,Yes,No,No,Yes,No,No,Yes,No,No,No,Yes,No,Yes,No,No,Yes,No,Yes,No,No,No,Yes,No,No,No,Yes,No,No,No,No
No,No,No,No,Yes,No,No,No,No,No,No,No,No,No,No,Yes,No,No,No,No,No,No,Yes,Yes,Yes,No,No,No,Yes,Yes,No,Yes,No,No,Yes,No,Yes,No,No,No,No,No,Yes,No,No,Yes,No,No,No,No,No,Yes,No
No,No,No,Yes,No,No,No,Yes,No,No,No,No,Yes,No,No,No,No,Yes,No,Yes,No,No,No,No,No,No,Yes,No,No,No,No,No,Yes,Yes,Yes,No,No,No,No,Yes,No,No,No,No,Yes,No,No,No,No,Yes,No,Yes,No
Yes,No,No,No,No,Yes,No,No,No,No,Yes,No,No,No,No,No,No,No,Yes,No,No,No,Yes,Yes,No,No,No,No,No,Yes,No,No,No,No,No,Yes,No,No,Yes,No,Yes,No,No,No,Yes,No,No,Yes,No,Yes,No,No,No
No,No,No,Yes,No,Yes,Yes,No,Yes,No,No,No,No,No,Yes,No,Yes,No,Yes,No,Yes,No,No,Yes,Yes,Yes,Yes,Yes,No,Yes,No,Yes,No,No,No,No,No,No,No,No,No,Yes,Yes,No,Yes,No,No,No,No,No,No,Yes,No
No,Yes,No,No,No,No,Yes,No,No,No,No,No,No,Yes,Yes,No,No,No,No,No,Yes,No,No,No,No,No,No,No,No,No,No,No,No,No,No,No,No,No,No,No,No,No,No,Yes,Yes,No,Yes,Yes,No,No,No,Yes,No
No,No,No,No,No,No,No,No,No,No,No,No,No,No,No,No,No,Yes,No,No,No,Yes,No,No,No,No,No,No,No,No,No,No,Yes,Yes,No,No,No,No,No,Yes,No,No,No,Yes,Yes,Yes,No,No,No,No,No,No,No
No,No,Yes,No,No,No,No,No,No,No,No,Yes,Yes,Yes,No,No,No,No,No,Yes,No,No,No,Yes,No,No,No,No,No,No,No,No,No,No,No,No,No,Yes,No,Yes,No,No,No,No,No,No,Yes,No,No,No,No,No,No
No,No,Yes,No,Yes,Yes,No,Yes,Yes,No,Yes,Yes,No,No,Yes,No,Yes,No,No,No,Yes,Yes,Yes,No,No,No,No,Yes,No,Yes,No,Yes,No,No,No,No,No,No,No,No,No,No,Yes,Yes,No,No,No,Yes,No,No,No,Yes,Yes
No,No,No,No,No,No,No,No,No,No,No,No,No,No,Yes,No,No,Yes,No,No,No,No,No,No,No,No,No,No,Yes,No,No,Yes,No,Yes,No,No,No,Yes,No,No,No,No,No,No,Yes,No,No,Yes,Yes,No,No,Yes,No
No,Yes,No,No,No,Yes,No,No,No,No,Yes,Yes,No,No,No,Yes,No,No,No,No,No,No,No,No,Yes,No,No,No,No,No,Yes,Yes,No,No,No,No,No,No,No,No,No,No,Yes,No,No,No,No,Yes,Yes,No,No,Yes,No
Yes,No,No,No,No,No,No,Yes,No,Yes,No,Yes,No,Yes,No,No,No,No,No,No,Yes,No,No,No,No,No,No,No,No,No,No,No,No,No,Yes,No,Yes,No,Yes,No,Yes,No,Yes,Yes,No,Yes,No,Yes,No,No,Yes,No,No
No,Yes,Yes,No,No,No,No,No,No,No,No,No,No,No,No,No,No,No,Yes,Yes,Yes,No,No,Yes,No,No,No,No,No,Yes,Yes,No,No,No,No,No,No,No,No,No,No,Yes,Yes,No,Yes,No,Yes,No,No,No,No,No,No
No,No,No,No,No,No,No,No,No,No,No,No,No,No,No,No,No,No,Yes,No,No,No,No,No,No,Yes,No,No,Yes,No,No,No,No,No,Yes,No,Yes,No,No,No,No,No,Yes,No,No,No,No,Yes,No,Yes,No,No,No
No,No,No,Yes,No,Yes,Yes,Yes,No,No,No,Yes,No,No,No,Yes,Yes,Yes,No,No,Yes,No,No,No,No,No,No,No,No,No,Yes,No,Yes,No,Yes,No,No,No,No,No,No,No,No,No,No,No,No,No,No,No,Yes,No,No
No,No,No,Yes,No,No,Yes,No,No,Yes,No,No,No,No,No,No,No,No,No,No,No,No,No,No,Yes,Yes,Yes,No,No,Yes,No,No,No,No,Yes,Yes,No,Yes,No,No,No,No,Yes,No,No,No,Yes,No,Yes,No,No,No,No
No,No,No,No,No,Yes,No,No,No,No,No,Yes,Yes,No,No,No,Yes,No,Yes,No,No,No,No,Yes,No,No,No,No,No,No,No,No,Yes,No,No,No,No,No,No,Yes,No,No,No,No,No,No,No,No,No,Yes,No,No,No
No,No,No,No,No,Yes,Yes,No,No,Yes,No,Yes,No,No,No,No,No,No,No,No,No,Yes,No,No,No,No,Yes,No,No,No,No,No,No,Yes,Yes,No,Yes,No,Yes,No,No,Yes,Yes,Yes,No,Yes,No,No,No,No,Yes,No,No
Yes,Yes,No,No,No,No,No,No,No,Yes,No,No,No,No,No,No,Yes,No,No,Yes,No,No,No,No,No,No,No,No,No,No,Yes,No,No,Yes,No,No,No,No,No,No,Yes,No,No,Yes,No,Yes,No,No,No,No,No,No,No
Yes,No,No,Yes,Yes,No,Yes,Yes,Yes,Yes,No,No,No,No,Yes,No,No,No,No,No,Yes,Yes,No,No,Yes,No,No,Yes,Yes,Yes,No,No,No,No,No,Yes,No,Yes,Yes,No,No,No,No,Yes,No,Yes,No,No,Yes,No,No,No,Yes
No,Yes,Yes,No,No,No,No,No,No,No,Yes,No,No,No,No,No,No,No,No,Yes,No,No,No,Yes,No,No,No,No,No,No,No,No,No,No,No,No,No,No,No,No,No,Yes,Yes,No,No,No,Yes,No,No,No,No,No,No
No,Yes,No,No,No,No,Yes,No,No,No,No,Yes,Yes,Yes,No,Yes,No,No,No,Yes,Yes,No,No,Yes,Yes,Yes,Yes,No,Yes,No,No,Yes,Yes,No,No,No,No,No,No,Yes,No,No,No,No,Yes,No,No,Yes,No,No,No,Yes,No
No,No,Yes,No,No,No,No,No,No,No,Yes,Yes,No,No,No,No,Yes,No,Yes,No,No,No,No,No,Yes,No,No,No,No,No,No,No,No,No,No,No,Yes,No,Yes,No,No,Yes,No,No,Yes,No,No,No,No,No,No,No,No
No,Yes,No,Yes,No,No,Yes,No,No,No,Yes,No,No,No,Yes,No,No,No,Yes,No,Yes,Yes,No,Yes,No,Yes,No,No,No,No,No,No,No,No,No,No,No,Yes,Yes,No,No,No,No,No,No,No,No,No,No,No,No,Yes,No
No,No,No,No,No,No,Yes,Yes,No,No,Yes,No,No,No,Yes,No,No,No,Yes,Yes,No,No,No,Yes,No,No,No,No,No,Yes,Yes,No,No,No,Yes,No,Yes,No,No,No,No,Yes,Yes,Yes,Yes,Yes,Yes,No,No,No,No,No,No
Yes,No,No,No,Yes,No,Yes,No,No,No,No,No,No,No,Yes,No,No,No,No,No,No,No,No,No,Yes,No,No,Yes,No,Yes,No,No,No,No,No,No,No,No,Yes,No,No,No,No,No,No,No,No,No,Yes,No,No,No,Yes
No,No,No,Yes,No,No,Yes,Yes,No,Yes,No,Yes,No,No,No,Yes,No,No,No,Yes,No,Yes,No,No,No,No,Yes,No,Yes,Yes,No,No,No,No,Yes,Yes,Yes,No,No,No,No,No,No,Yes,No,No,No,No,No,No,No,No,No
No,Yes,No,No,No,No,No,No,No,No,No,No,No,No,No,No,No,No,No,No,No,Yes,No,No,No,No,No,No,Yes,No,No,No,No,No,No,No,No,Yes,Yes,No,No,No,No,No,No,No,Yes,No,No,No,Yes,No,No
No,No,No,No,Yes,No,No,Yes,Yes,No,No,Yes,No,Yes,No,No,Yes,No,Yes,No,Yes,No,No,Yes,Yes,Yes,Yes,Yes,No,No,No,Yes,No,Yes,No,No,No,No,No,No,No,No,Yes,No,No,No,No,No,No,No,No,Yes,Yes
No,No,No,No,No,Yes,No,No,Yes,No,No,No,No,No,No,No,Yes,Yes,Yes,Yes,No,No,No,No,Yes,No,No,Yes,No,No,No,Yes,No,No,No,No,No,No,No,No,Yes,No,No,Yes,Yes,No,Yes,No,Yes,No,No,No,Yes
No,No,No,No,No,No,No,No,Yes,No,No,No,No,No,No,Yes,No,No,No,No,No,No,Yes,No,Yes,No,No,No,No,No,No,No,No,Yes,Yes,No,No,No,No,No,No,No,No,No,No,No,No,No,No,No,No,No,Yes
No,Yes,No,Yes,No,No,Yes,No,No,No,Yes,No,No,Yes,No,No,Yes,No,Yes,No,No,No,No,No,No,No,No,No,No,Yes,No,No,No,No,No,No,No,Yes,No,No,No,No,No,No,No,No,No,No,No,No,No,Yes,No
Yes,No,No,No,No,No,Yes,Yes,No,No,Yes,No,Yes,Yes,No,No,No,No,No,No,No,No,No,Yes,No,Yes,No,No,No,No,No,No,Yes,Yes,Yes,No,No,No,No,Yes,Yes,No,No,No,No,No,No,No,No,Yes,No,Yes,Yes
No,No,No,Yes,No,Yes,Yes,No,No,Yes,No,Yes,No,No,No,No,No,No,No,No,No,No,No,No,No,No,No,No,Yes,Yes,No,No,No,No,Yes,No,Yes,No,No,No,No,Yes,Yes,Yes,No,Yes,No,No,No,No,No,No,No
No,No,No,No,No,No,No,No,Yes,No,No,No,No,No,No,Yes,No,No,No,No,Yes,No,No,Yes,No,No,No,Yes,Yes,No,No,No,No,No,No,No,No,No,No,No,No,Yes,No,No,No,No,Yes,No,No,No,No,Yes,Yes
Yes,No,No,No,Yes,No,Yes,No,Yes,No,No,Yes,No,No,No,Yes,No,Yes,No,Yes,No,Yes,Yes,No,No,No,No,No,No,No,No,Yes,No,No,No,Yes,Yes,Yes,Yes,No,Yes,Yes,No,Yes,No,Yes,Yes,No,Yes,No,Yes,No,No
No,Yes,No,No,No,No,No,Yes,No,No,No,Yes,No,No,No,No,No,Yes,Yes,No,No,No,No,No,Yes,No,No,No,No,No,No,No,No,No,No,Yes,Yes,No,No,No,No,Yes,Yes,No,No,No,No,No,No,No,No,Yes,No
Yes,No,No,No,Yes,No,No,No,No,No,No,No,Yes,Yes,No,No,No,No,No,No,No,No,No,Yes,Yes,No,No,No,No,No,No,No,Yes,No,No,No,No,No,Yes,Yes,No,No,Yes,No,No,No,No,Yes,Yes,No,No,Yes,No
No,No,No,No,Yes,No,No,No,Yes,No,Yes,No,No,No,Yes,No,Yes,Yes,Yes,No,Yes,No,No,No,Yes,No,No,Yes,Yes,No,No,No,No,No,No,No,No,Yes,No,No,Yes,No,No,Yes,No,No,No,No,No,No,No,Yes,Yes
No,No,No,No,Yes,No,Yes,No,No,No,No,No,No,Yes,No,No,Yes,No,Yes,No,No,Yes,No,No,No,No,No,No,Yes,No,No,No,No,No,Yes,Yes,Yes,No,No,No,No,No,No,Yes,Yes,Yes,No,Yes,No,No,No,No,No
No,Yes,No,No,No,No,No,No,No,Yes,No,Yes,Yes,No,No,No,No,No,No,No,No,Yes,Yes,No,No,No,No,No,Yes,No,No,Yes,No,No,No,No,No,No,Yes,Yes,No,No,No,Yes,No,No,No,No,No,No,Yes,No,No
No,Yes,No,No,No,Yes,Yes,No,No,No,No,No,No,No,Yes,No,No,Yes,No,No,Yes,No,No,No,No,No,No,No,No,No,No,No,Yes,No,No,No,No,Yes,No,No,No,Yes,Yes,No,No,No,No,No,No,No,No,No,No
Yes,No,Yes,No,No,No,No,No,No,No,No,Yes,No,No,No,No,Yes,No,No,No,No,No,No,No,Yes,No,No,No,No,No,No,No,No,No,Yes,No,No,Yes,No,No,No,No,Yes,Yes,No,Yes,Yes,No,No,Yes,No,No,No
No,No,No,No,Yes,Yes,No,No,No,No,No,Yes,No,No,No,Yes,No,Yes,No,Yes,No,No,No,Yes,No,No,No,Yes,Yes,No,No,Yes,No,Yes,No,Yes,No,No,No,No,No,Yes,Yes,No,Yes,No,No,No,Yes,Yes,No,No,Yes
No,No,No,No,Yes,No,Yes,No,No,No,Yes,Yes,No,No,No,No,No,No,No,No,Yes,No,Yes,Yes,No,No,No,Yes,No,No,No,No,No,No,No,No,No,Yes,No,No,No,Yes,No,Yes,No,Yes,Yes,Yes,No,Yes,No,No,Yes
No,Yes,No,Yes,No,No,No,Yes,No,No,No,No,No,No,No,No,No,Yes,Yes,No,Yes,No,No,No,Yes,No,No,No,Yes,No,Yes,Yes,No,Yes,No,Yes,No,No,No,No,No,No,No,No,No,No,Yes,No,No,No,Yes,No,No
No,No,No,No,No,No,No,No,No,No,No,No,No,Yes,Yes,No,No,No,No,Yes,Yes,No,No,No,Yes,No,No,No,No,No,No,No,Yes,Yes,No,No,No,Yes,No,No,No,No,No,No,No,No,No,No,No,No,No,No,No
Yes,No,No,Yes,No,No,No,Yes,Yes,No,No,No,No,No,No,Yes,Yes,Yes,Yes,Yes,No,No,Yes,No,Yes,No,No,Yes,No,Yes,No,No,No,No,No,Yes,No,No,Yes,No,No,No,No,No,No,No,Yes,No,Yes,No,Yes,No,Yes
No,No,No,No,No,No,Yes,Yes,Yes,No,Yes,Yes,Yes,No,No,Yes,Yes,No,Yes,No,No,Yes,Yes,No,No,Yes,Yes,No,No,Yes,Yes,No,No,No,No,No,No,No,Yes,Yes,No,No,Yes,No,No,No,Yes,No,No,No,No,No,No
No,No,Yes,Yes,No,Yes,No,Yes,No,No,No,No,No,No,No,No,No,No,No,No,Yes,No,No,No,No,No,No,No,No,Yes,Yes,No,No,No,No,No,Yes,Yes,No,No,No,Yes,No,No,No,No,No,No,No,No,No,No,No
No,No,Yes,No,No,No,Yes,Yes,No,Yes,Yes,No,No,No,No,No,No,Yes,No,No,No,No,No,No,Yes,No,Yes,No,Yes,No,No,No,No,No,Yes,No,Yes,No,No,No,Yes,No,Yes,No,No,No,No,No,No,No,No,No,No
No,No,No,No,Yes,No,Yes,No,No,Yes,No,No,No,Yes,No,No,No,No,No,No,Yes,No,No,No,No,Yes,No,No,No,Yes,Yes,No,No,No,Yes,Yes,No,Yes,No,No,Yes,No,No,No,No,No,Yes,No,No,No,Yes,No,No
No,No,No,No,No,No,No,No,No,Yes,Yes,Yes,Yes,No,No,No,No,Yes,No,Yes,No,Yes,No,No,No,No,No,No,No,No,No,Yes,Yes,No,No,No,No,No,No,Yes,No,No,No,No,No,No,No,No,Yes,No,No,Yes,No
No,No,No,No,Yes,No,No,No,No,Yes,No,No,No,No,No,No,No,No,Yes,No,No,Yes,No,No,No,No,No,No,No,No,No,No,No,No,Yes,Yes,No,No,No,No,Yes,No,No,No,No,No,No,Yes,No,No,Yes,No,No
No,No,No,No,No,No,Yes,Yes,No,No,No,No,No,No,No,No,No,No,Yes,Yes,No,No,No,No,No,No,No,No,No,No,No,Yes,No,No,Yes,Yes,Yes,No,No,Yes,Yes,No,No,Yes,No,Yes,Yes,Yes,No,No,No,No,No
No,No,No,Yes,No,No,No,Yes,Yes,No,Yes,No,No,No,No,Yes,No,No,No,Yes,No,No,No,No,No,No,No,Yes,No,No,No,No,No,No,No,No,No,No,Yes,No,No,No,Yes,Yes,No,Yes,No,No,No,No,No,No,Yes
No,Yes,No,No,No,Yes,No,No,No,Yes,No,No,No,No,No,No,No,No,No,No,Yes,No,No,No,No,Yes,No,No,Yes,Yes,No,Yes,No,No,No,No,No,No,Yes,No,No,Yes,No,No,No,Yes,No,Yes,No,No,No,Yes,No
No,Yes,No,No,No,No,No,Yes,No,Yes,Yes,Yes,No,No,No,No,Yes,No,No,Yes,No,No,Yes,Yes,No,Yes,No,No,No,Yes,No,No,No,No,No,No,No,Yes,No,No,No,Yes,Yes,No,No,No,No,No,Yes,No,No,Yes,No
No,No,No,No,No,No,No,Yes,Yes,No,No,Yes,No,No,Yes,No,No,Yes,Yes,No,Yes,No,Yes,No,Yes,No,No,Yes,Yes,No,No,Yes,No,No,Yes,No,No,Yes,No,No,No,No,No,No,No,No,Yes,Yes,No,No,No,No,Yes
No,No,No,No,No,No,Yes,No,No,No,No,No,Yes,No,No,Yes,No,Yes,No,No,No,Yes,No,No,No,No,Yes,No,No,No,No,No,Yes,No,No,No,No,Yes,No,Yes,No,No,No,No,No,No,Yes,No,No,No,No,Yes,No
No,No,No,No,No,No,No,No,No,No,No,No,No,Yes,No,No,No,Yes,No,No,No,Yes,Yes,No,No,No,Yes,No,No,Yes,No,No,No,Yes,No,No,No,No,No,Yes,No,No,No,No,No,No,No,No,Yes,No,Yes,No,No
Yes,No,Yes,No,No,No,No,No,No,No,Yes,No,No,No,No,No,Yes,No,No,No,No,No,No,No,No,Yes,No,No,Yes,No,No,Yes,No,No,No,No,Yes,No,No,No,No,No,No,No,No,No,Yes,No,No,No,No,No,No
No,No,No,Yes,No,No,No,No,Yes,No,No,No,Yes,Yes,No,No,No,Yes,Yes,No,No,Yes,No,No,No,No,No,No,No,No,Yes,No,Yes,No,No,No,No,No,Yes,Yes,Yes,Yes,No,No,No,No,Yes,No,No,No,No,Yes,No
No,No,No,Yes,No,No,No,No,No,No,Yes,No,Yes,Yes,No,No,No,No,Yes,No,No,Yes,Yes,No,No,No,No,No,No,No,No,Yes,No,No,No,No,No,Yes,No,Yes,No,Yes,No,No,No,No,Yes,No,No,No,Yes,No,No
Yes,Yes,Yes,Yes,No,No,No,No,No,Yes,Yes,No,No,No,No,No,Yes,Yes,No,No,No,No,No,No,No,Yes,No,No,No,No,No,No,No,No,No,No,No,Yes,No,No,No,Yes,No,No,Yes,No,Yes,No,No,No,No,No,No
No,No,No,No,Yes,No,Yes,Yes,No,No,No,Yes,No,No,No,No,No,Yes,No,No,Yes,No,No,No,Yes,Yes,No,Yes,Yes,No,No,No,Yes,No,No,No,Yes,No,No,No,No,Yes,No,No,No,No,No,Yes,No,No,Yes,No,Yes
Yes,No,No,No,Yes,No,Yes,No,Yes,No,No,No,No,No,No,Yes,No,Yes,Yes,No,Yes,Yes,No,No,No,Yes,No,Yes,No,No,No,No,No,No,No,Yes,No,Yes,No,No,No,Yes,No,No,No,No,Yes,No,No,Yes,Yes,No,No
Yes,No,No,Yes,No,Yes,No,No,No,No,No,No,No,No,No,No,No,No,Yes,No,No,No,No,No,No,Yes,Yes,No,Yes,No,Yes,Yes,No,Yes,Yes,No,No,No,Yes,No,No,No,No,Yes,No,Yes,Yes,No,Yes,Yes,No,No,No
No,No,No,Yes,No,No,Yes,No,Yes,Yes,Yes,Yes,No,No,No,Yes,Yes,Yes,No,No,Yes,No,No,No,Yes,No,No,Yes,No,Yes,Yes,No,No,Yes,No,No,No,No,Yes,No,Yes,No,Yes,No,Yes,No,No,No,No,No,No,No,Yes
No,No,Yes,Yes,No,No,No,No,No,No,Yes,No,Yes,No,No,No,No,No,No,No,No,Yes,No,No,No,No,Yes,No,No,No,No,No,No,No,No,No,No,No,No,Yes,Yes,No,No,No,No,No,Yes,No,Yes,Yes,No,Yes,No
No,No,No,No,No,No,No,No,No,No,No,No,No,No,No,Yes,No,No,No,No,No,No,No,No,No,No,No,No,No,No,No,No,No,Yes,Yes,Yes,Yes,Yes,No,No,No,No,Yes,Yes,No,Yes,No,No,No,Yes,No,No,No
No,No,Yes,No,No,No,No,No,Yes,Yes,No,Yes,No,No,No,No,No,Yes,No,No,Yes,No,No,No,No,No,No,Yes,No,Yes,No,No,No,Yes,No,No,No,No,No,No,No,No,Yes,No,Yes,No,No,No,No,No,No,No,Yes
No,No,No,No,No,No,Yes,No,No,No,No,Yes,No,No,Yes,No,No,Yes,No,No,Yes,No,No,No,Yes,No,No,No,No,Yes,No,No,No,No,No,Yes,No,No,No,No,No,No,No,No,No,No,No,Yes,No,No,Yes,Yes,No
No,No,Yes,No,Yes,No,No,No,Yes,Yes,No,No,No,No,No,No,No,Yes,No,Yes,Yes,No,No,Yes,Yes,No,No,Yes,No,Yes,No,Yes,No,No,No,No,No,No,No,No,Yes,No,No,No,No,No,No,No,No,Yes,Yes,No,Yes
No,No,Yes,Yes,Yes,No,No,No,Yes,No,No,Yes,No,No,No,Yes,Yes,Yes,Yes,No,Yes,No,No,Yes,No,No,Yes,Yes,No,No,Yes,No,No,No,No,Yes,No,No,Yes,No,No,Yes,Yes,No,No,No,No,No,Yes,No,No,No,Yes
Yes,No,No,No,No,No,No,No,No,No,No,No,Yes,No,Yes,No,No,Yes,No,No,No,No,No,Yes,No,No,Yes,No,No,No,No,Yes,Yes,Yes,No,No,No,No,No,No,No,No,No,No,Yes,No,No,No,No,No,No,No,No
Yes,Yes,No,No,No,No,No,No,No,No,No,No,No,Yes,No,No,Yes,No,No,No,No,No,No,Yes,No,No,No,No,No,No,No,No,No,No,No,No,No,No,No,No,No,No,No,No,No,No,Yes,No,No,No,No,No,No
No,No,No,Yes,Yes,No,No,No,No,No,No,No,No,No,No,No,No,Yes,No,No,No,Yes,No,No,No,No,Yes,Yes,No,No,Yes,No,No,No,No,No,No,No,No,No,No,No,Yes,No,No,No,No,No,No,No,No,No,Yes
No,No,No,No,Yes,No,No,No,Yes,No,No,Yes,No,No,No,No,Yes,No,No,No,No,No,No,Yes,Yes,No,No,Yes,Yes,Yes,No,No,No,No,No,No,No,No,Yes,No,Yes,Yes,No,No,No,No,No,No,No,Yes,No,No,Yes
No,No,Yes,Yes,Yes,Yes,Yes,No,No,No,No,No,No,No,No,No,No,No,No,No,Yes,No,No,No,No,No,No,No,No,Yes,Yes,Yes,No,Yes,No,No,No,Yes,Yes,No,No,No,No,No,No,Yes,Yes,No,No,No,No,No,No
No,No,No,No,No,Yes,No,No,Yes,No,No,Yes,No,No,Yes,No,No,No,No,No,Yes,Yes,No,No,Yes,No,No,No,No,No,No,No,No,No,No,No,No,Yes,No,No,No,Yes,No,Yes,No,No,No,Yes,No,Yes,No,No,Yes
No,No,No,Yes,Yes,No,Yes,Yes,Yes,No,No,No,No,No,No,Yes,No,No,No,Yes,No,No,No,No,Yes,No,No,Yes,No,No,No,No,No,No,No,No,No,Yes,No,No,Yes,No,No,No,No,No,No,No,Yes,No,No,Yes,Yes
Yes,No,Yes,No,No,No,No,Yes,Yes,Yes,No,No,Yes,No,No,No,No,No,No,No,No,No,Yes,No,No,No,No,No,No,No,No,Yes,Yes,No,No,No,No,Yes,No,Yes,No,No,Yes,No,No,No,No,No,No,No,No,Yes,No
No,Yes,No,Yes,No,Yes,Yes,No,No,No,No,No,No,No,No,No,No,No,No,No,No,No,No,No,No,No,No,No,No,No,No,Yes,No,Yes,No,No,No,No,No,No,No,No,No,No,No,No,Yes,Yes,No,No,Yes,No,No
No,Yes,No,No,No,No,No,No,No,No,No,No,No,Yes,No,Yes,No,Yes,No,Yes,No,No,Yes,No,No,No,No,No,No,No,No,Yes,Yes,No,No,No,No,No,No,No,No,No,No,No,No,No,Yes,No,No,No,No,No,No
Yes,Yes,No,No,Yes,No,No,No,No,Yes,No,No,No,No,Yes,No,No,Yes,No,No,Yes,No,No,Yes,Yes,No,Yes,No,Yes,Yes,Yes,No,No,No,Yes,No,Yes,No,No,No,No,No,No,No,Yes,No,No,No,No,No,No,No,No
